epoch,loss
0.016666666666666666,1052.4593505859375
0.03333333333333333,675.1841430664062
0.05,476.4505920410156
0.06666666666666667,356.4640808105469
